drug_id,n_pairs,spearman,DRUG_NAME,label
1014,89,0.9189138576779027,Refametinib,Refametinib
1003,107,0.9043672485746194,Camptothecin,Camptothecin
2048,92,0.9001279225683153,Vinorelbine,Vinorelbine
1564,90,0.8904885376795487,SCH772984,SCH772984
1808,93,0.8890662767449492,Topotecan,Topotecan
1088,107,0.8856462704990302,Irinotecan,Irinotecan
1190,102,0.8796840277974113,Gemcitabine,Gemcitabine
1809,84,0.8728358813404881,Teniposide,Teniposide
1083,111,0.8658213408213409,Crizotinib,Crizotinib
1843,83,0.8389446286889718,LMP744,LMP744
1912,108,0.834957653357722,Afuresertib,Afuresertib
1372,113,0.8348526182713422,Trametinib,Trametinib
1626,109,0.8246501714391624,OTX015,OTX015
1086,123,0.820749119706956,BI-2536,BI-2536
1053,104,0.8204310252853944,MK-2206,MK-2206
1004,87,0.8190566450390027,Vinblastine,Vinblastine
1549,123,0.8167184739007624,Sapitinib,Sapitinib
1511,95,0.8116461366181412,Epirubicin,Epirubicin
1720,95,0.8006578947368421,AZD5991,AZD5991
1778,84,0.8001619925078465,GSK2110183B,GSK2110183B
1924,106,0.7952792402448549,Ipatasertib,Ipatasertib
1553,184,0.7930290002487285,Uprosertib,Uprosertib
1558,109,0.7882958020572699,Lapatinib,Lapatinib
1706,94,0.787598120144286,AZD5153,AZD5153
1096,30,0.7859844271412681,Tozasertib,Tozasertib
1080,104,0.7854048863757602,Paclitaxel,Paclitaxel
1010,103,0.7802574353116901,Gefitinib,Gefitinib
1007,179,0.7759334167889973,Docetaxel,Docetaxel
1494,99,0.7758936301793444,SN-38,SN-38
1928,115,0.7729661485046951,I-BRD9,I-BRD9
1021,108,0.7708136843007802,Axitinib,Axitinib
1062,174,0.7706181472029948,Selumetinib,Selumetinib
2172,88,0.7696629213483147,JQ1,JQ1
1529,106,0.7671360556213317,Pevonedistat,Pevonedistat
1810,96,0.7583695062398264,Mitoxantrone,Mitoxantrone
1259,115,0.7579184092164445,Talazoparib,Talazoparib
1917,112,0.7554583660778352,AZD6738,AZD6738
1915,111,0.7523604773604773,AZD3759,AZD3759
1916,101,0.7491438555620267,AZD5363,AZD5363
2038,78,0.7482770394162799,UNC0638,UNC0638
1018,127,0.7467015841769779,Veliparib,Veliparib
1814,93,0.7463967055593684,Nelarabine,Nelarabine
1561,106,0.7461269113535028,Taselisib,Taselisib
1581,80,0.7458743553680263,Bromosporine,Bromosporine
1177,103,0.7455739577384352,Niraparib,Niraparib
1180,114,0.7452380470221341,Dinaciclib,Dinaciclib
1054,107,0.7360547816375713,Palbociclib,Palbociclib
1249,99,0.734978354978355,BMS-345541,BMS-345541
1873,127,0.7336485283089612,Buparlisib,Buparlisib
1373,118,0.7297484834872672,Dabrafenib,Dabrafenib
1133,122,0.7246390699918379,Serdemetan,Serdemetan
2359,90,0.7241964028480882,GSK2830371,GSK2830371
1179,117,0.7232612507305669,MK-1775,MK-1775
1919,113,0.722661188369153,Osimertinib,Osimertinib
1006,91,0.722567287784679,Cytarabine,Cytarabine
1017,106,0.7167141093785425,Olaparib,Olaparib
1020,104,0.713197482129521,Lenalidomide,Lenalidomide
1058,116,0.7131664936762387,Pictilisib,Pictilisib
1073,106,0.7127944177141848,5-Fluorouracil,5-Fluorouracil
1910,106,0.7107791520769833,ABT737,ABT737
1029,109,0.7104068204985637,Motesanib,Motesanib
1250,92,0.7095387081361836,AZ960,AZ960
1016,100,0.708178817881788,Temsirolimus,Temsirolimus
1011,108,0.7065458667962311,Navitoclax,Navitoclax
1631,85,0.7029900332225913,PRT062607,PRT062607
1057,108,0.7019063134127869,Dactolisib,Dactolisib
1632,90,0.6983989792978555,Ribociclib,Ribociclib
1061,104,0.6951029552971301,SB590885,SB590885
1908,206,0.6934025932021057,Ulixertinib,Ulixertinib
1441,89,0.692969016002724,AZD2014,AZD2014
2055,77,0.6924391398075609,Mycophenolic acid,Mycophenolic acid
2040,96,0.6897856755290288,Foretinib,Foretinib
1909,92,0.689317694927793,Venetoclax,Venetoclax
1024,104,0.687624026458978,Lestaurtinib,Lestaurtinib
1799,90,0.6862657941309627,Ibrutinib,Ibrutinib
1918,104,0.6858209751413636,AZD8186,AZD8186
1032,103,0.6841585028335458,Afatinib,Afatinib
1036,104,0.6823428998186282,PLX-4720,PLX-4720
1776,74,0.6813920770085152,GSK2256098C,GSK2256098C
1815,67,0.6808204964482402,Dacarbazine,Dacarbazine
1401,73,0.6798716524743923,AZD5438,AZD5438
1375,119,0.6797393533684661,Temozolomide,Temozolomide
1507,86,0.676248879664135,Ruxolitinib,Ruxolitinib
1449,78,0.6752867385778777,AZD1208,AZD1208
2046,104,0.6735836978555426,MK-8776,MK-8776
1042,120,0.6657754010695186,Doramapimod,Doramapimod
1598,91,0.6605351170568562,LGK974,LGK974
1025,92,0.6577377741473112,SB216763,SB216763
1560,108,0.6574161403107642,Alpelisib,Alpelisib
1583,80,0.6573605250820441,GSK-LSD1,GSK-LSD1
2045,110,0.6570295065707911,AMG-319,AMG-319
1786,113,0.6568301284183912,AZD4547,AZD4547
1802,92,0.6567359709014687,Zoledronate,Zoledronate
1237,110,0.6561819534296598,EPZ004777,EPZ004777
1512,122,0.6527934280833122,Cyclophosphamide,Cyclophosphamide
1618,88,0.6520728399845023,GSK2606414,GSK2606414
1030,97,0.6518514622343783,KU-55933,KU-55933
1034,93,0.6508161499209214,Staurosporine,Staurosporine
1051,105,0.6506531204644412,Alisertib,Alisertib
1580,81,0.6486449864498646,GSK2801,GSK2801
2158,103,0.6456859816368669,CPI-637,CPI-637
2110,109,0.6434992123065518,GSK591,GSK591
1013,123,0.6429557209374315,Nilotinib,Nilotinib
2171,110,0.6411874760498614,BMS-754807,BMS-754807
1927,100,0.6408280828082807,GSK2578215A,GSK2578215A
1019,94,0.6396199833833038,Bosutinib,Bosutinib
1084,97,0.6366505365032611,Rapamycin,Rapamycin
2044,120,0.6362941870963261,Pyridostatin,Pyridostatin
1593,94,0.6336379727630675,Entinostat,Entinostat
2173,88,0.6299531541685747,PFI-1,PFI-1
1079,117,0.629493923181825,Dasatinib,Dasatinib
1634,92,0.6283464081500546,AGI-6780,AGI-6780
1559,99,0.6271243042671613,Luminespib,Luminespib
1845,83,0.626946811636791,Schweinfurthin A,Schweinfurthin A
1023,120,0.6223418292937009,GW441756,GW441756
2157,100,0.621206120612061,A-366,A-366
1813,70,0.6145569066573353,Fludarabine,Fludarabine
1022,100,0.6127452745274526,AZD7762,AZD7762
1835,97,0.6117189143698717,Elephantin,Elephantin
1936,99,0.611317254174397,Savolitinib,Savolitinib
2498,97,0.6087339575005261,alpha-lipoic acid,alpha-lipoic acid
1068,82,0.6042054396447579,Obatoclax Mesylate,Obatoclax Mesylate
1048,113,0.592421318783685,Mirin,Mirin
1085,102,0.5917127977789213,Sorafenib,Sorafenib
1614,98,0.588266421845214,WZ4003,WZ4003
1613,79,0.585223953261928,VE-822,VE-822
1049,97,0.5846965074689668,PD173074,PD173074
1582,81,0.5831074977416439,SGC-CBP30,SGC-CBP30
1629,98,0.5830129615107523,ML323,ML323
1557,99,0.5811502782931355,LCL161,LCL161
1510,111,0.5808792558792559,Linsitinib,Linsitinib
1192,31,0.5750000000000001,GSK269962A,GSK269962A
2177,96,0.5721785132935432,SGC0946,SGC0946
1630,107,0.5687905327298732,Entospletinib,Entospletinib
1997,84,0.5686139516047383,WEHI-539,WEHI-539
1811,182,0.5675046890927222,Dactinomycin,Dactinomycin
1248,69,0.5666423090975522,Daporinad,Daporinad
2170,107,0.5652246321440466,AT13148,AT13148
1012,106,0.5643801798624581,Vorinostat,Vorinostat
1625,87,0.5608369176933731,RVX-208,RVX-208
1200,206,0.5560770099073242,Fulvestrant,Fulvestrant
1033,91,0.5546265328874025,Vismodegib,Vismodegib
1072,101,0.5524519510774606,Avagacestat,Avagacestat
1578,106,0.5513817165025064,Leflunomide,Leflunomide
1026,107,0.5418307568721957,Tanespimycin,Tanespimycin
1922,111,0.5388557388557389,Cediranib,Cediranib
1913,95,0.5320828667413213,AGI-5198,AGI-5198
1853,103,0.530685761982164,OF-1,OF-1
1463,77,0.5225563909774436,AZD1332,AZD1332
1862,96,0.5175529028757461,MG-132,MG-132
1199,103,0.5164082062996969,Tamoxifen,Tamoxifen
1059,83,0.5108937492128793,AZD8055,AZD8055
2109,93,0.5042672555280355,AZ6102,AZ6102
2439,92,0.5004854892652929,glutathione,glutathione
1168,101,0.5004542807221898,Erlotinib,Erlotinib
1268,89,0.4984848484848486,XAV939,XAV939
1175,99,0.490117501546073,Rucaparib,Rucaparib
1191,109,0.48362524325827083,Bortezomib,Bortezomib
1627,175,0.47733420212839656,GSK343,GSK343
1817,85,0.47469220246238025,Romidepsin,Romidepsin
1008,100,0.42853199561436656,Methotrexate,Methotrexate
1131,93,0.427083644176539,PRIMA-1MET,PRIMA-1MET
1941,120,0.27518577679005485,Sepantronium bromide,Sepantronium bromide
1827,75,0.2443881761494341,Dihydrorotenone,Dihydrorotenone
1594,112,0.20582054874090272,OSI-027,OSI-027
