sanger_model_id,ccle_model_id
SIDM01774,ACH-000205
SIDM00192,ACH-000286
SIDM01447,ACH-000289
SIDM01554,ACH-000331
SIDM01689,ACH-000492
SIDM01460,ACH-000592
SIDM00497,ACH-000683
SIDM01435,ACH-000686
SIDM01587,ACH-000753
SIDM01612,ACH-000946
SIDM00194,ACH-000532
SIDM00074,ACH-000402
SIDM01529,ACH-000011
SIDM01387,ACH-000921
SIDM00217,ACH-000999
SIDM00799,ACH-000558
SIDM00993,ACH-000838
SIDM01229,ACH-002217
SIDM00990,ACH-000603
SIDM00946,ACH-000981
SIDM00019,ACH-001140
SIDM01658,ACH-000598
SIDM00216,ACH-000989
SIDM01471,ACH-000604
SIDM01752,ACH-000685
SIDM00422,ACH-001203
SIDM01397,ACH-000765
SIDM01735,ACH-000808
SIDM00046,ACH-000109
SIDM01577,ACH-000889
SIDM01069,ACH-000667
SIDM00128,ACH-002249
SIDM01037,ACH-000711
SIDM00296,ACH-002051
SIDM00455,ACH-000599
SIDM00454,ACH-000689
SIDM01163,ACH-000677
SIDM01168,ACH-001399
SIDM00234,ACH-002201
SIDM01183,ACH-001417
SIDM00959,ACH-000641
SIDM00984,ACH-001452
SIDM00980,ACH-000948
SIDM01240,ACH-001002
SIDM00849,ACH-000429
SIDM00826,ACH-001039
SIDM00951,ACH-002222
SIDM00887,ACH-000211
SIDM00307,ACH-000261
SIDM00964,ACH-001453
SIDM00072,ACH-000206
SIDM00486,ACH-000563
SIDM01044,ACH-000585
SIDM00538,ACH-001497
SIDM00205,ACH-002110
SIDM00596,ACH-001517
SIDM00594,ACH-000004
SIDM00133,ACH-000861
SIDM00668,ACH-002245
SIDM00690,ACH-002251
SIDM00312,ACH-000183
SIDM00387,ACH-000078
SIDM00504,ACH-001126
SIDM00257,ACH-002280
SIDM00724,ACH-000121
SIDM00719,ACH-001364
SIDM00445,ACH-002292
SIDM00847,ACH-000169
SIDM00400,ACH-002392;ACH-002303
SIDM00370,ACH-000197
SIDM00252,ACH-001861
SIDM00662,ACH-000135
SIDM00646,ACH-000129
SIDM00065,ACH-000393
SIDM00028,ACH-001386
SIDM00031,ACH-001643
SIDM00058,ACH-000676
SIDM01624,ACH-000026
SIDM01325,ACH-000031
SIDM01693,ACH-000032
SIDM00396,ACH-000112
SIDM01743,ACH-000043
SIDM01139,ACH-000042
SIDM01596,ACH-000066
SIDM00866,ACH-000374
SIDM01756,ACH-000076
SIDM01763,ACH-000079
SIDM00314,ACH-000097
SIDM00078,ACH-000228
SIDM00389,ACH-000271
SIDM01685,ACH-000130
SIDM01592,ACH-000134
SIDM00791,ACH-000551
SIDM01167,ACH-000163
SIDM00461,ACH-000065
SIDM00159,ACH-000182
SIDM00340,ACH-000204
SIDM01391,ACH-000203
SIDM00338,ACH-000439
SIDM00944,ACH-000249
SIDM01727,ACH-000241
SIDM01058,ACH-000073
SIDM00823,ACH-000253
SIDM01368,ACH-000255
SIDM00001,ACH-000405
SIDM01739,ACH-000297
SIDM01321,ACH-000307
SIDM01434,ACH-000316
SIDM01781,ACH-000325
SIDM00135,ACH-000148
SIDM00160,ACH-000377
SIDM01629,ACH-000404
SIDM01377,ACH-000409
SIDM01545,ACH-000511
SIDM00991,ACH-000519
SIDM00168,ACH-000549
SIDM01006,ACH-000193
SIDM00994,ACH-000105
SIDM00930,ACH-001715
SIDM00300,ACH-002156
SIDM00147,ACH-000028
SIDM00219,ACH-001145
SIDM00229,ACH-001501
SIDM00236,ACH-000779
SIDM01226,ACH-001113
SIDM00275,ACH-001858
SIDM00288,ACH-001669
SIDM00083,ACH-000273
SIDM00016,ACH-000446
SIDM00163,ACH-000461
SIDM00011,ACH-000477
SIDM00173,ACH-000618
SIDM00062,ACH-000671
SIDM00228,ACH-000897
SIDM00153,ACH-000964
SIDM00054,ACH-002185
SIDM00077,ACH-001331
SIDM00049,ACH-002233
SIDM00103,ACH-002124
SIDM00100,ACH-002127
SIDM00099,ACH-002128
SIDM00098,ACH-002129
SIDM00118,ACH-001081
SIDM00052,ACH-002243
SIDM00075,ACH-002336
SIDM00064,ACH-001089
SIDM00063,ACH-000632
SIDM00056,ACH-002148
SIDM00178,ACH-002386
SIDM00013,ACH-002387
SIDM00177,ACH-002338
SIDM00053,ACH-002164
SIDM00090,ACH-000696
SIDM00088,ACH-000090
SIDM00087,ACH-000817
SIDM00086,ACH-002195
SIDM00085,ACH-000655
SIDM00084,ACH-000376
SIDM00081,ACH-000615
SIDM00080,ACH-000730
SIDM00094,ACH-002199
SIDM00095,ACH-000504
SIDM00097,ACH-000147
SIDM00112,ACH-000428
SIDM00107,ACH-000425
SIDM00514,ACH-001339
SIDM00164,ACH-000209
SIDM00130,ACH-000138
SIDM00165,ACH-000407
SIDM00171,ACH-000412
SIDM00170,ACH-000682
SIDM00169,ACH-000692
SIDM00248,ACH-000758
SIDM00125,ACH-000649
SIDM00123,ACH-000046
SIDM00174,ACH-002213
SIDM00191,ACH-002090
SIDM00122,ACH-000288
SIDM00132,ACH-000535
SIDM00212,ACH-000464
SIDM00131,ACH-000329
SIDM00143,ACH-000803
SIDM00140,ACH-000968
SIDM00190,ACH-002097
SIDM00199,ACH-002099
SIDM00209,ACH-002228
SIDM00207,ACH-002230
SIDM00206,ACH-002231
SIDM00203,ACH-002111
SIDM00198,ACH-002114
SIDM00202,ACH-002118
SIDM00201,ACH-002119
SIDM00102,ACH-002125
SIDM00101,ACH-002126
SIDM00154,ACH-002130
SIDM00114,ACH-002138
SIDM00136,ACH-000552
SIDM00127,ACH-002250
SIDM00157,ACH-002261
SIDM00184,ACH-002153
SIDM00182,ACH-002265
SIDM00180,ACH-002155
SIDM00146,ACH-000768
SIDM00221,ACH-002388
SIDM00179,ACH-002165
SIDM00137,ACH-000337
SIDM00117,ACH-000837
SIDM00116,ACH-000343
SIDM00105,ACH-000001
SIDM00115,ACH-002298
SIDM00113,ACH-001208
SIDM00111,ACH-000232
SIDM00108,ACH-000579
SIDM00605,ACH-000479
SIDM00398,ACH-001228
SIDM00408,ACH-001131
SIDM00172,ACH-002212
SIDM00176,ACH-002094
SIDM00175,ACH-002096
SIDM00283,ACH-002221
SIDM00208,ACH-002229
SIDM00278,ACH-000305
SIDM00279,ACH-000225
SIDM00266,ACH-002103
SIDM00264,ACH-002105
SIDM00262,ACH-002107
SIDM00269,ACH-002108
SIDM00261,ACH-002109
SIDM00276,ACH-002237
SIDM00197,ACH-002115
SIDM00196,ACH-002116
SIDM00195,ACH-002117
SIDM00277,ACH-000198
SIDM00213,ACH-000903
SIDM00274,ACH-000047
SIDM00227,ACH-001344
SIDM00188,ACH-002139
SIDM00134,ACH-000825
SIDM00223,ACH-002144
SIDM00186,ACH-002151
SIDM00185,ACH-002152
SIDM00183,ACH-002154
SIDM00181,ACH-002266
SIDM00149,ACH-000750
SIDM00260,ACH-002161
SIDM00247,ACH-000356
SIDM00222,ACH-000319
SIDM00245,ACH-001958
SIDM00255,ACH-002282
SIDM00254,ACH-002283
SIDM00156,ACH-002285
SIDM00139,ACH-000367
SIDM00138,ACH-000900
SIDM00243,ACH-002288
SIDM00239,ACH-000159
SIDM00237,ACH-000030
SIDM00270,ACH-002294
SIDM00155,ACH-002296
SIDM00235,ACH-000189
SIDM00218,ACH-001384
SIDM00193,ACH-000991
SIDM00267,ACH-002312
SIDM00456,ACH-000057
SIDM00468,ACH-001072
SIDM00470,ACH-001633
SIDM00471,ACH-001632
SIDM00233,ACH-002058
SIDM00287,ACH-002211
SIDM00286,ACH-000136
SIDM00285,ACH-001338
SIDM00284,ACH-000805
SIDM00281,ACH-002100
SIDM00265,ACH-002104
SIDM00263,ACH-002106
SIDM00273,ACH-000756
SIDM00311,ACH-002133
SIDM00289,ACH-002241
SIDM00290,ACH-000847
SIDM00291,ACH-002040
SIDM00306,ACH-000672
SIDM00225,ACH-002143
SIDM00230,ACH-002145
SIDM00304,ACH-002146
SIDM00302,ACH-002149
SIDM00301,ACH-000265
SIDM00329,ACH-000806
SIDM00346,ACH-000301
SIDM00330,ACH-001355
SIDM00341,ACH-000176
SIDM00342,ACH-000104
SIDM00294,ACH-001549
SIDM00292,ACH-002077
SIDM00272,ACH-000910
SIDM00337,ACH-000450
SIDM00336,ACH-000881
SIDM00335,ACH-000192
SIDM00299,ACH-002271
SIDM00271,ACH-000351
SIDM00259,ACH-002278
SIDM00231,ACH-002167
SIDM00232,ACH-002168
SIDM00242,ACH-002067
SIDM00240,ACH-002180
SIDM00348,ACH-000488
SIDM00250,ACH-000917
SIDM00347,ACH-000408
SIDM00328,ACH-000605
SIDM00326,ACH-000452
SIDM00325,ACH-000694
SIDM00324,ACH-001674
SIDM00323,ACH-002313
SIDM00319,ACH-001704
SIDM00318,ACH-000484
SIDM00317,ACH-000171
SIDM00316,ACH-000469
SIDM00536,ACH-000982
SIDM00546,ACH-000444
SIDM00593,ACH-000005
SIDM00595,ACH-000954
SIDM00303,ACH-000584
SIDM00371,ACH-000652
SIDM00352,ACH-000719
SIDM00411,ACH-000332
SIDM00349,ACH-000318
SIDM00308,ACH-000074
SIDM00402,ACH-000473
SIDM00297,ACH-002157
SIDM00500,ACH-000959
SIDM00050,ACH-002093
SIDM00119,ACH-000706
SIDM00310,ACH-002132
SIDM00305,ACH-000132
SIDM00313,ACH-000702
SIDM00339,ACH-000787
SIDM00332,ACH-001819
SIDM00362,ACH-002293
SIDM00360,ACH-000347
SIDM00359,ACH-000565
SIDM00358,ACH-000144
SIDM00357,ACH-002193
SIDM00356,ACH-000482
SIDM00354,ACH-000442
SIDM00353,ACH-000505
SIDM00415,ACH-001639
SIDM00403,ACH-000636
SIDM00401,ACH-000614
SIDM00351,ACH-002029
SIDM00350,ACH-001641
SIDM00365,ACH-002196
SIDM00384,ACH-001642
SIDM00383,ACH-002198
SIDM00394,ACH-001650
SIDM00393,ACH-001653
SIDM00392,ACH-000810
SIDM00379,ACH-002304
SIDM00391,ACH-000363
SIDM00381,ACH-002020
SIDM00380,ACH-000373
SIDM00375,ACH-002305
SIDM00377,ACH-001655
SIDM00374,ACH-002062
SIDM00405,ACH-000365
SIDM00322,ACH-000561
SIDM00418,ACH-000716
SIDM00413,ACH-000534
SIDM00315,ACH-000570
SIDM00414,ACH-000545
SIDM00610,ACH-000164
SIDM00626,ACH-000490
SIDM00639,ACH-000152
SIDM00483,ACH-001654
SIDM00458,ACH-000751
SIDM00469,ACH-000320
SIDM00420,ACH-000566
SIDM00643,ACH-002363
SIDM00421,ACH-000226
SIDM00479,ACH-000679
SIDM00424,ACH-001680
SIDM00491,ACH-001443
SIDM00485,ACH-000794
SIDM00490,ACH-001016
SIDM00489,ACH-002043
SIDM00488,ACH-002345
SIDM00386,ACH-000391
SIDM00442,ACH-000058
SIDM00441,ACH-002273
SIDM00428,ACH-000294
SIDM00443,ACH-000287
SIDM00481,ACH-000116
SIDM00446,ACH-000113
SIDM00462,ACH-000336
SIDM00460,ACH-000124
SIDM00478,ACH-000544
SIDM00477,ACH-000383
SIDM00457,ACH-000024
SIDM00475,ACH-000091
SIDM00474,ACH-000688
SIDM00466,ACH-000443
SIDM00465,ACH-002183
SIDM00463,ACH-000372
SIDM00453,ACH-000023
SIDM00472,ACH-001630
SIDM00451,ACH-000937
SIDM00450,ACH-000218
SIDM00467,ACH-002299
SIDM00448,ACH-001638
SIDM00427,ACH-002194
SIDM00395,ACH-000099
SIDM00390,ACH-000664
SIDM00423,ACH-000656
SIDM00419,ACH-000424
SIDM00369,ACH-000647
SIDM00484,ACH-001321
SIDM00416,ACH-001703
SIDM00410,ACH-002317
SIDM00642,ACH-001591
SIDM00692,ACH-001444
SIDM00786,ACH-001084
SIDM00787,ACH-001061
SIDM00495,ACH-000697
SIDM00502,ACH-000157
SIDM00494,ACH-000528
SIDM00492,ACH-000269
SIDM00501,ACH-001332
SIDM00515,ACH-000401
SIDM00513,ACH-000161
SIDM00512,ACH-000662
SIDM00510,ACH-002095
SIDM00507,ACH-001490
SIDM00508,ACH-001489
SIDM00506,ACH-000508
SIDM00542,ACH-002227
SIDM00522,ACH-000749
SIDM00523,ACH-000698
SIDM00540,ACH-002234
SIDM00503,ACH-000633
SIDM00543,ACH-002120
SIDM00544,ACH-001716
SIDM00520,ACH-002134
SIDM00519,ACH-002135
SIDM00496,ACH-001350
SIDM00533,ACH-000118
SIDM00531,ACH-000213
SIDM00556,ACH-000227
SIDM00555,ACH-000631
SIDM00554,ACH-000524
SIDM00553,ACH-002262
SIDM00530,ACH-001544
SIDM00552,ACH-000607
SIDM00551,ACH-002263
SIDM00549,ACH-002267
SIDM00548,ACH-000769
SIDM00547,ACH-000438
SIDM00529,ACH-000621
SIDM00528,ACH-000934
SIDM00527,ACH-000935
SIDM00526,ACH-000072
SIDM00525,ACH-000359
SIDM00505,ACH-000601
SIDM00561,ACH-002274
SIDM00532,ACH-001125
SIDM00562,ACH-002163
SIDM00545,ACH-000987
SIDM00701,ACH-002370
SIDM00476,ACH-001373
SIDM01185,ACH-002204
SIDM00800,ACH-000014
SIDM00805,ACH-001094
SIDM00811,ACH-000034
SIDM00827,ACH-001121
SIDM00851,ACH-000509
SIDM00862,ACH-000877
SIDM00894,ACH-000312
SIDM00897,ACH-000017
SIDM00904,ACH-000739
SIDM00906,ACH-001335
SIDM00911,ACH-001041
SIDM00574,ACH-001605
SIDM00757,ACH-000590
SIDM00569,ACH-002178
SIDM00581,ACH-000738
SIDM00521,ACH-000743
SIDM00598,ACH-000843
SIDM00591,ACH-002045
SIDM00590,ACH-000472
SIDM00589,ACH-000778
SIDM00587,ACH-000976
SIDM00585,ACH-000480
SIDM00584,ACH-002142
SIDM00599,ACH-001526
SIDM00600,ACH-001528
SIDM00617,ACH-000577
SIDM00616,ACH-000476
SIDM00615,ACH-000217
SIDM00612,ACH-002257
SIDM00611,ACH-000684
SIDM00609,ACH-000250
SIDM00607,ACH-000622
SIDM00606,ACH-000858
SIDM00604,ACH-001542
SIDM00583,ACH-001107
SIDM00571,ACH-000108
SIDM00579,ACH-002277
SIDM00752,ACH-002365
SIDM00577,ACH-001603
SIDM00576,ACH-002290
SIDM00575,ACH-000200
SIDM00580,ACH-000168
SIDM00570,ACH-000674
SIDM00567,ACH-000776
SIDM00566,ACH-001625
SIDM00565,ACH-001626
SIDM00564,ACH-000527
SIDM00586,ACH-000475
SIDM00573,ACH-001606
SIDM01115,ACH-001171
SIDM00653,ACH-000514
SIDM00881,ACH-000352
SIDM00622,ACH-002224
SIDM00620,ACH-002226
SIDM00621,ACH-002113
SIDM00858,ACH-000082
SIDM00871,ACH-002384
SIDM00675,ACH-000276
SIDM00673,ACH-000668
SIDM00671,ACH-000061
SIDM00670,ACH-000270
SIDM00669,ACH-000094
SIDM00676,ACH-000547
SIDM00678,ACH-000724
SIDM00667,ACH-002246
SIDM00666,ACH-000067
SIDM00665,ACH-000616
SIDM00688,ACH-002253
SIDM00681,ACH-000252
SIDM00677,ACH-000007
SIDM00659,ACH-001118
SIDM00637,ACH-000583
SIDM00631,ACH-001358
SIDM00628,ACH-000849
SIDM00627,ACH-001359
SIDM00625,ACH-000449
SIDM00638,ACH-001360
SIDM00640,ACH-000335
SIDM00657,ACH-000045
SIDM00623,ACH-002339
SIDM00578,ACH-000804
SIDM00652,ACH-000780
SIDM00651,ACH-000980
SIDM00650,ACH-002286
SIDM00649,ACH-000510
SIDM00648,ACH-002169
SIDM00645,ACH-000666
SIDM00658,ACH-000852
SIDM00698,ACH-000506
SIDM00744,ACH-000893
SIDM00742,ACH-000021
SIDM00740,ACH-000747
SIDM00735,ACH-000298
SIDM00711,ACH-000727
SIDM00709,ACH-000451
SIDM00699,ACH-001138
SIDM00731,ACH-000399
SIDM00729,ACH-000447
SIDM00728,ACH-000718
SIDM01070,ACH-000840
SIDM00686,ACH-000293
SIDM00908,ACH-002380
SIDM01166,ACH-001011
SIDM00766,ACH-000586
SIDM01035,ACH-001103
SIDM01022,ACH-001129
SIDM01094,ACH-001636
SIDM00734,ACH-000589
SIDM00809,ACH-001385
SIDM00121,ACH-001738
SIDM00732,ACH-002225
SIDM00882,ACH-000277
SIDM00806,ACH-000613
SIDM00695,ACH-000322
SIDM00679,ACH-001525
SIDM00694,ACH-000538
SIDM00693,ACH-000396
SIDM00689,ACH-000151
SIDM00685,ACH-000819
SIDM00630,ACH-000876
SIDM00750,ACH-000869
SIDM00749,ACH-000916
SIDM00748,ACH-000015
SIDM00747,ACH-000744
SIDM00746,ACH-000766
SIDM00745,ACH-000035
SIDM00743,ACH-000448
SIDM00792,ACH-002170
SIDM00741,ACH-000431
SIDM00739,ACH-000675
SIDM00738,ACH-000282
SIDM00768,ACH-000894
SIDM00767,ACH-001136
SIDM00715,ACH-000521
SIDM00710,ACH-000394
SIDM00708,ACH-000841
SIDM00706,ACH-000290
SIDM00704,ACH-000639
SIDM00716,ACH-000481
SIDM00733,ACH-000525
SIDM00730,ACH-000610
SIDM00727,ACH-000951
SIDM00726,ACH-000875
SIDM00723,ACH-000186
SIDM00722,ACH-000092
SIDM00814,ACH-001401
SIDM00782,ACH-000381
SIDM01142,ACH-001672
SIDM01153,ACH-001044
SIDM00807,ACH-000905
SIDM00801,ACH-000008
SIDM00798,ACH-000201
SIDM00797,ACH-000788
SIDM00796,ACH-000740
SIDM00794,ACH-001442
SIDM00810,ACH-000757
SIDM00895,ACH-002215
SIDM00893,ACH-000536
SIDM00917,ACH-002218
SIDM00952,ACH-002220
SIDM00886,ACH-000334
SIDM00831,ACH-000207
SIDM00861,ACH-000906
SIDM00860,ACH-000846
SIDM00857,ACH-000572
SIDM00856,ACH-000096
SIDM00855,ACH-000375
SIDM00854,ACH-000162
SIDM00874,ACH-000223
SIDM00872,ACH-000859
SIDM00870,ACH-000725
SIDM00774,ACH-000691
SIDM00772,ACH-000755
SIDM00829,ACH-000002
SIDM00828,ACH-000054
SIDM00785,ACH-000386
SIDM00776,ACH-000501
SIDM00751,ACH-000892
SIDM00771,ACH-000496
SIDM00755,ACH-000888
SIDM00769,ACH-000733
SIDM00763,ACH-000434
SIDM00761,ACH-000752
SIDM00759,ACH-000587
SIDM00756,ACH-000886
SIDM00753,ACH-000781
SIDM00779,ACH-000491
SIDM00820,ACH-002188
SIDM00818,ACH-002190
SIDM00817,ACH-002191
SIDM00835,ACH-000489
SIDM00812,ACH-000236
SIDM00834,ACH-000470
SIDM00841,ACH-000651
SIDM00833,ACH-000421
SIDM00815,ACH-001418
SIDM00775,ACH-000785
SIDM00877,ACH-000196
SIDM01118,ACH-002175
SIDM00982,ACH-000323
SIDM01192,ACH-001214
SIDM01202,ACH-001183
SIDM00983,ACH-000896
SIDM00903,ACH-000681
SIDM00848,ACH-000052
SIDM00850,ACH-000880
SIDM00898,ACH-000248
SIDM00899,ACH-000222
SIDM00896,ACH-002214
SIDM00987,ACH-000191
SIDM00963,ACH-000927
SIDM00892,ACH-000818
SIDM00905,ACH-001334
SIDM00890,ACH-000580
SIDM00907,ACH-000440
SIDM00941,ACH-000433
SIDM00936,ACH-000142
SIDM00931,ACH-000174
SIDM00928,ACH-000857
SIDM00920,ACH-000783
SIDM00934,ACH-000354
SIDM01228,ACH-001024
SIDM00910,ACH-000120
SIDM00957,ACH-000350
SIDM00909,ACH-000644
SIDM00923,ACH-001336
SIDM00919,ACH-000713
SIDM00918,ACH-000103
SIDM00888,ACH-000055
SIDM00950,ACH-000243
SIDM00867,ACH-000863
SIDM00865,ACH-000530
SIDM00981,ACH-000056
SIDM00864,ACH-001341
SIDM00853,ACH-000835
SIDM00852,ACH-000389
SIDM00885,ACH-000111
SIDM00875,ACH-000624
SIDM00968,ACH-002140
SIDM00967,ACH-002181
SIDM00966,ACH-002182
SIDM00844,ACH-000654
SIDM00975,ACH-002206
SIDM00974,ACH-002207
SIDM01065,ACH-000550
SIDM01222,ACH-000884
SIDM01235,ACH-001036
SIDM01241,ACH-000941
SIDM01260,ACH-001249
SIDM00226,ACH-000310
SIDM00940,ACH-000212
SIDM01195,ACH-000406
SIDM00997,ACH-001306
SIDM00996,ACH-001307
SIDM00986,ACH-000548
SIDM00962,ACH-000432
SIDM00961,ACH-000210
SIDM00939,ACH-000826
SIDM00937,ACH-000832
SIDM00942,ACH-000518
SIDM00935,ACH-002091
SIDM00932,ACH-000457
SIDM00929,ACH-000516
SIDM00956,ACH-000717
SIDM00954,ACH-001820
SIDM00953,ACH-001049
SIDM00943,ACH-000107
SIDM00924,ACH-000867
SIDM00949,ACH-000233
SIDM00970,ACH-002235
SIDM01007,ACH-002256
SIDM01005,ACH-000263
SIDM01009,ACH-000259
SIDM01018,ACH-000815
SIDM01024,ACH-000784
SIDM00925,ACH-000638
SIDM00965,ACH-000800
SIDM00927,ACH-000871
SIDM01000,ACH-000304
SIDM00976,ACH-002205
SIDM00973,ACH-000827
SIDM01231,ACH-002122
SIDM00452,ACH-000022
SIDM00682,ACH-000760
SIDM00804,ACH-001001
SIDM00840,ACH-000842
SIDM00891,ACH-000003
SIDM00979,ACH-001239
SIDM01013,ACH-000106
SIDM01215,ACH-000542
SIDM01082,ACH-000188
SIDM00999,ACH-000973
SIDM00998,ACH-000137
SIDM00995,ACH-001328
SIDM00992,ACH-000456
SIDM00989,ACH-000802
SIDM00988,ACH-000792
SIDM01056,ACH-000330
SIDM01052,ACH-000308
SIDM01050,ACH-001494
SIDM01047,ACH-000295
SIDM01042,ACH-001065
SIDM01055,ACH-000098
SIDM01073,ACH-002242
SIDM01071,ACH-000515
SIDM01067,ACH-000012
SIDM01064,ACH-000267
SIDM01062,ACH-000643
SIDM01060,ACH-000882
SIDM01066,ACH-000650
SIDM01059,ACH-000915
SIDM01038,ACH-000357
SIDM01015,ACH-000326
SIDM01012,ACH-000346
SIDM01011,ACH-002254
SIDM01017,ACH-002255
SIDM01008,ACH-000315
SIDM01003,ACH-000101
SIDM01019,ACH-002258
SIDM01032,ACH-000823
SIDM01031,ACH-000855
SIDM01030,ACH-000693
SIDM01028,ACH-000809
SIDM01027,ACH-000865
SIDM01026,ACH-000824
SIDM01025,ACH-000637
SIDM00926,ACH-000924
SIDM01079,ACH-000441
SIDM01078,ACH-000790
SIDM01077,ACH-000115
SIDM01972,ACH-001999
SIDM01034,ACH-001106
SIDM01020,ACH-000380
SIDM01043,ACH-000913
SIDM01041,ACH-001500
SIDM00780,ACH-000967
SIDM01033,ACH-000486
SIDM01076,ACH-000070
SIDM00189,ACH-002098
SIDM01048,ACH-000821
SIDM01040,ACH-000574
SIDM01036,ACH-000653
SIDM01130,ACH-000395
SIDM01127,ACH-000628
SIDM01125,ACH-000378
SIDM01126,ACH-001599
SIDM01124,ACH-000945
SIDM01122,ACH-000853
SIDM01121,ACH-000358
SIDM01120,ACH-002174
SIDM01119,ACH-000775
SIDM01117,ACH-002176
SIDM01116,ACH-000789
SIDM01131,ACH-000355
SIDM01150,ACH-000416
SIDM01134,ACH-000292
SIDM01149,ACH-001365
SIDM01148,ACH-000050
SIDM01145,ACH-000581
SIDM01144,ACH-000303
SIDM01140,ACH-001374
SIDM01138,ACH-000139
SIDM01092,ACH-002301
SIDM01089,ACH-000371
SIDM01085,ACH-000242
SIDM01083,ACH-000254
SIDM01081,ACH-000238
SIDM01080,ACH-000181
SIDM01111,ACH-000087
SIDM01110,ACH-000361
SIDM01109,ACH-000145
SIDM01107,ACH-000465
SIDM01106,ACH-000822
SIDM01105,ACH-000423
SIDM01103,ACH-000665
SIDM01101,ACH-000260
SIDM01100,ACH-000366
SIDM01099,ACH-000341
SIDM01098,ACH-000149
SIDM01097,ACH-001193
SIDM01151,ACH-000483
SIDM01093,ACH-000556
SIDM01182,ACH-000522
SIDM01982,ACH-001433
SIDM01970,ACH-001623
SIDM01974,ACH-001793
SIDM01218,ACH-001530
SIDM01132,ACH-001711
SIDM01104,ACH-000640
SIDM01180,ACH-000478
SIDM00025,ACH-002391
SIDM01317,ACH-001173
SIDM01001,ACH-000258
SIDM01057,ACH-000081
SIDM01210,ACH-002259
SIDM01220,ACH-002269
SIDM01217,ACH-002276
SIDM01133,ACH-002177
SIDM01147,ACH-000427
SIDM01201,ACH-002289
SIDM01141,ACH-000291
SIDM01096,ACH-000400
SIDM01181,ACH-000221
SIDM01194,ACH-000420
SIDM01196,ACH-000422
SIDM01197,ACH-000722
SIDM01198,ACH-000567
SIDM01188,ACH-000114
SIDM01176,ACH-000059
SIDM01177,ACH-002308
SIDM01154,ACH-000953
SIDM01155,ACH-000437
SIDM01162,ACH-001398
SIDM01165,ACH-000155
SIDM01175,ACH-002309
SIDM01174,ACH-001402
SIDM01160,ACH-000384
SIDM01158,ACH-000669
SIDM01157,ACH-001400
SIDM01178,ACH-002200
SIDM01161,ACH-001274
SIDM01084,ACH-000410
SIDM01184,ACH-000018
SIDM01171,ACH-000571
SIDM01190,ACH-000720
SIDM01173,ACH-000772
SIDM01172,ACH-000146
SIDM01170,ACH-000048
SIDM01193,ACH-000040
SIDM01189,ACH-000075
SIDM01187,ACH-000568
SIDM01186,ACH-000554
SIDM01179,ACH-001702
SIDM01356,ACH-001563
SIDM01976,ACH-001836
SIDM01978,ACH-001848
SIDM01980,ACH-001849
SIDM01973,ACH-001791
SIDM01975,ACH-001835
SIDM01977,ACH-001841
SIDM01979,ACH-001843
SIDM01981,ACH-001838
SIDM01983,ACH-001164
SIDM01985,ACH-001997
SIDM00914,ACH-000931
SIDM01315,ACH-001270
SIDM01329,ACH-001379
SIDM00002,ACH-002340
SIDM00005,ACH-000044
SIDM00006,ACH-001552
SIDM00007,ACH-001550
SIDM00009,ACH-002390
SIDM00014,ACH-001546
SIDM00017,ACH-000912
SIDM00029,ACH-000659
SIDM00032,ACH-000839
SIDM00048,ACH-002101
SIDM00047,ACH-002102
SIDM00045,ACH-002141
SIDM00044,ACH-002295
SIDM00043,ACH-002297
SIDM00042,ACH-002186
SIDM00816,ACH-002192
SIDM00023,ACH-002311
SIDM00033,ACH-002396
SIDM00035,ACH-000037
SIDM01395,ACH-001295
SIDM01399,ACH-001232
SIDM01401,ACH-001416
SIDM01403,ACH-001414
SIDM01324,ACH-000606
SIDM01326,ACH-001382
SIDM01328,ACH-001380
SIDM01330,ACH-001378
SIDM01332,ACH-000774
SIDM01338,ACH-000600
SIDM01340,ACH-000246
SIDM01344,ACH-001645
SIDM01346,ACH-001184
SIDM01348,ACH-001745
SIDM01350,ACH-001751
SIDM01352,ACH-001377
SIDM01354,ACH-001375
SIDM01360,ACH-001551
SIDM01362,ACH-001567
SIDM01370,ACH-001354
SIDM01374,ACH-001128
SIDM00018,ACH-000498
SIDM00026,ACH-001670
SIDM00051,ACH-002092
SIDM00793,ACH-002236
SIDM00280,ACH-000560
SIDM00367,ACH-002197
SIDM01095,ACH-000833;ACH-001741;ACH-001189
SIDM00041,ACH-002306
SIDM00040,ACH-002202
SIDM00068,ACH-002394
SIDM00073,ACH-001451
SIDM01482,ACH-000695
SIDM01380,ACH-001369
SIDM01382,ACH-001570
SIDM01384,ACH-000251
SIDM01388,ACH-001303
SIDM01392,ACH-001111
SIDM01400,ACH-000262
SIDM01402,ACH-001415
SIDM01404,ACH-001409
SIDM01333,ACH-001740
SIDM01337,ACH-001196
SIDM01345,ACH-001280
SIDM01349,ACH-001765
SIDM01351,ACH-000887
SIDM01353,ACH-001376
SIDM01355,ACH-001566
SIDM01357,ACH-001554
SIDM01361,ACH-001119
SIDM01365,ACH-000215
SIDM01367,ACH-000591
SIDM01371,ACH-000673
SIDM01373,ACH-001568
SIDM01379,ACH-000436
SIDM01381,ACH-001611
SIDM01383,ACH-001367
SIDM01385,ACH-000700
SIDM01474,ACH-000608
SIDM01476,ACH-000123
SIDM01478,ACH-001340
SIDM01405,ACH-001408
SIDM01407,ACH-001413
SIDM01411,ACH-000836
SIDM01415,ACH-001957
SIDM01417,ACH-001677
SIDM01423,ACH-002005
SIDM01425,ACH-001629
SIDM01427,ACH-001956
SIDM01429,ACH-001485
SIDM01316,ACH-000041
SIDM01320,ACH-000468
SIDM00158,ACH-000623
SIDM01323,ACH-000732
SIDM01322,ACH-000735
SIDM01318,ACH-001318
SIDM00120,ACH-000979
SIDM00126,ACH-002147
SIDM00082,ACH-001190
SIDM00079,ACH-000811
SIDM01341,ACH-000127
SIDM00055,ACH-002089
SIDM01493,ACH-001054
SIDM01431,ACH-000208
SIDM01408,ACH-001412
SIDM01420,ACH-001403
SIDM01422,ACH-001396
SIDM01426,ACH-001628
SIDM01428,ACH-001736
SIDM01430,ACH-001392
SIDM01436,ACH-000280
SIDM01452,ACH-001391
SIDM01456,ACH-001212
SIDM01458,ACH-001750
SIDM01462,ACH-001673
SIDM01466,ACH-001431
SIDM01468,ACH-001283
SIDM01484,ACH-001302
SIDM01486,ACH-001038
SIDM01488,ACH-001289
SIDM01492,ACH-000095
SIDM01496,ACH-001068
SIDM01500,ACH-000499
SIDM01506,ACH-001060
SIDM01512,ACH-000458
SIDM01514,ACH-000160
SIDM01416,ACH-002004
SIDM01437,ACH-000460
SIDM01441,ACH-001390
SIDM01453,ACH-001275
SIDM01455,ACH-000597
SIDM01457,ACH-001211
SIDM01459,ACH-001210
SIDM01461,ACH-001394
SIDM01465,ACH-001205
SIDM01467,ACH-001430
SIDM01479,ACH-000278
SIDM01481,ACH-001050
SIDM01485,ACH-001301
SIDM01363,ACH-000390
SIDM01335,ACH-000513
SIDM01378,ACH-000646
SIDM01398,ACH-000661
SIDM01347,ACH-000701
SIDM01343,ACH-000764
SIDM01475,ACH-001048
SIDM00142,ACH-000864
SIDM00151,ACH-000966
SIDM00150,ACH-000969
SIDM00187,ACH-002150
SIDM00145,ACH-001127
SIDM01414,ACH-001421
SIDM01600,ACH-000975
SIDM01602,ACH-000731
SIDM01604,ACH-000712
SIDM01606,ACH-000901
SIDM01489,ACH-001322
SIDM01497,ACH-001067
SIDM01499,ACH-000279
SIDM01501,ACH-001053
SIDM01505,ACH-000742
SIDM01507,ACH-001059
SIDM01509,ACH-001057
SIDM01513,ACH-001035
SIDM01515,ACH-001450
SIDM01521,ACH-001020
SIDM01523,ACH-000593
SIDM01527,ACH-000283
SIDM01533,ACH-001458
SIDM01535,ACH-001033
SIDM01537,ACH-001031
SIDM01541,ACH-001456
SIDM01516,ACH-001278
SIDM01524,ACH-001329
SIDM01528,ACH-000520
SIDM01530,ACH-000923
SIDM01532,ACH-001454
SIDM01534,ACH-001034
SIDM01536,ACH-001032
SIDM01538,ACH-001030
SIDM01540,ACH-001300
SIDM01542,ACH-001029
SIDM01544,ACH-001022
SIDM01548,ACH-001460
SIDM01550,ACH-001028
SIDM01480,ACH-000256
SIDM01454,ACH-000459
SIDM01393,ACH-000466
SIDM01472,ACH-000471
SIDM01432,ACH-000495
SIDM01448,ACH-000500
SIDM01464,ACH-000502
SIDM01446,ACH-000543
SIDM01413,ACH-000630
SIDM01412,ACH-000762
SIDM01424,ACH-000782
SIDM01442,ACH-000807
SIDM01409,ACH-000834
SIDM01450,ACH-000898
SIDM01483,ACH-000582
SIDM01049,ACH-000038
SIDM00718,ACH-000860
SIDM00241,ACH-002179
SIDM00238,ACH-000947
SIDM00214,ACH-000955
SIDM00251,ACH-000949
SIDM00298,ACH-000705
SIDM01556,ACH-000829
SIDM01558,ACH-001737
SIDM01568,ACH-001346
SIDM01572,ACH-000928
SIDM01584,ACH-001096
SIDM01586,ACH-001532
SIDM01610,ACH-000872
SIDM01616,ACH-000088
SIDM01620,ACH-001521
SIDM01621,ACH-000299
SIDM01623,ACH-001522
SIDM01543,ACH-000025
SIDM01547,ACH-001461
SIDM01549,ACH-001459
SIDM01553,ACH-000578
SIDM01555,ACH-000512
SIDM01557,ACH-001523
SIDM01563,ACH-000306
SIDM01565,ACH-000539
SIDM01571,ACH-000237
SIDM01579,ACH-001536
SIDM01581,ACH-000773
SIDM01585,ACH-001353
SIDM01589,ACH-000167
SIDM01593,ACH-000454
SIDM01595,ACH-000339
SIDM01597,ACH-000575
SIDM01599,ACH-000690
SIDM01601,ACH-000143
SIDM01603,ACH-000314
SIDM01607,ACH-000868
SIDM01566,ACH-000063
SIDM01594,ACH-000083
SIDM01433,ACH-000317
SIDM01491,ACH-000342
SIDM01443,ACH-000344
SIDM01490,ACH-000382
SIDM01463,ACH-000397
SIDM01502,ACH-000435
SIDM01494,ACH-000445
SIDM01498,ACH-000487
SIDM01449,ACH-000517
SIDM01439,ACH-000537
SIDM01473,ACH-000541
SIDM01504,ACH-000594
SIDM01531,ACH-000687
SIDM01510,ACH-000925
SIDM01451,ACH-000933
SIDM00282,ACH-000998
SIDM00309,ACH-002131
SIDM00327,ACH-000754
SIDM00364,ACH-002059
SIDM00399,ACH-002315
SIDM00320,ACH-001233
SIDM00397,ACH-000195
SIDM01698,ACH-000526
SIDM01627,ACH-001735
SIDM01631,ACH-001484
SIDM01626,ACH-000128
SIDM01632,ACH-001101
SIDM01636,ACH-000029
SIDM01410,ACH-001277
SIDM01421,ACH-000036
SIDM01642,ACH-000455
SIDM01644,ACH-000328
SIDM01656,ACH-001541
SIDM01668,ACH-000904
SIDM01670,ACH-000010
SIDM01672,ACH-000870
SIDM01674,ACH-000033
SIDM01676,ACH-000737
SIDM01635,ACH-000027
SIDM01567,ACH-000069
SIDM01526,ACH-000086
SIDM01615,ACH-000131
SIDM01560,ACH-000133
SIDM01598,ACH-000150
SIDM01590,ACH-000184
SIDM01613,ACH-000199
SIDM01546,ACH-000234
SIDM01580,ACH-000240
SIDM01559,ACH-000274
SIDM01570,ACH-000324
SIDM00473,ACH-000619
SIDM01517,ACH-000415
SIDM01551,ACH-000485
SIDM01520,ACH-000503
SIDM01582,ACH-000507
SIDM01591,ACH-000540
SIDM01525,ACH-000557
SIDM01574,ACH-000588
SIDM01622,ACH-000721
SIDM01569,ACH-000734
SIDM01511,ACH-000746
SIDM01518,ACH-000771
SIDM01503,ACH-000844
SIDM01578,ACH-000862
SIDM01605,ACH-000891
SIDM01619,ACH-000984
SIDM01519,ACH-000992
SIDM00487,ACH-000963
SIDM00333,ACH-000988
SIDM00438,ACH-002275
SIDM00447,ACH-000960
SIDM01733,ACH-000629
SIDM01737,ACH-001097
SIDM01702,ACH-000413
SIDM01704,ACH-000071
SIDM01714,ACH-002348
SIDM01708,ACH-000642
SIDM01718,ACH-001043
SIDM01720,ACH-001282
SIDM01639,ACH-001356
SIDM01643,ACH-000634
SIDM01655,ACH-001109
SIDM01657,ACH-000419
SIDM01661,ACH-001100
SIDM01663,ACH-001099
SIDM01671,ACH-000533
SIDM01675,ACH-000179
SIDM01697,ACH-000229
SIDM01701,ACH-000230
SIDM01703,ACH-000185
SIDM01705,ACH-000850
SIDM01707,ACH-001092
SIDM01713,ACH-001066
SIDM01717,ACH-001047
SIDM01719,ACH-001042
SIDM01731,ACH-000216
SIDM00093,ACH-000013
SIDM01692,ACH-000077
SIDM01665,ACH-000089
SIDM01682,ACH-000110
SIDM01726,ACH-000119
SIDM01662,ACH-000564
SIDM01573,ACH-000576
SIDM01640,ACH-000602
SIDM01660,ACH-000709
SIDM01561,ACH-000799
SIDM01628,ACH-000851
SIDM00560,ACH-000678
SIDM01664,ACH-000952
SIDM01609,ACH-000972
SIDM00498,ACH-000970
SIDM01608,ACH-000990
SIDM01588,ACH-000993
SIDM01617,ACH-000994
SIDM01611,ACH-000996
SIDM00539,ACH-001496
SIDM00534,ACH-000986
SIDM00334,ACH-000879
SIDM00433,ACH-000795
SIDM00431,ACH-000918
SIDM00429,ACH-000938
SIDM00493,ACH-001075
SIDM00459,ACH-001617
SIDM00373,ACH-000974
SIDM01647,ACH-002357
SIDM00819,ACH-002189
SIDM01741,ACH-000194
SIDM01730,ACH-000333
SIDM01734,ACH-000612
SIDM01738,ACH-001524
SIDM01755,ACH-001108
SIDM01783,ACH-001555
SIDM01760,ACH-000051
SIDM01746,ACH-000154
SIDM01778,ACH-000158
SIDM01695,ACH-000166
SIDM01728,ACH-000173
SIDM01724,ACH-000180
SIDM01667,ACH-000220
SIDM01699,ACH-000224
SIDM01709,ACH-000275
SIDM00680,ACH-000957
SIDM01725,ACH-000284
SIDM01758,ACH-000285
SIDM01659,ACH-000313
SIDM01691,ACH-000321
SIDM01749,ACH-000340
SIDM01690,ACH-000453
SIDM01686,ACH-000462
SIDM01696,ACH-000645
SIDM00537,ACH-001345
SIDM01710,ACH-000797
SIDM01729,ACH-000909
SIDM01706,ACH-001093
SIDM00784,ACH-000126
SIDM00803,ACH-000411
SIDM01715,ACH-002347
SIDM00524,ACH-000703
SIDM00789,ACH-000997
SIDM00602,ACH-000919
SIDM00582,ACH-000281
SIDM00660,ACH-000985
SIDM00654,ACH-000866
SIDM00754,ACH-000379
SIDM00760,ACH-000729
SIDM00703,ACH-000929
SIDM00721,ACH-002171
SIDM00720,ACH-000648
SIDM00778,ACH-000403
SIDM00572,ACH-000911
SIDM00361,ACH-002184
SIDM00781,ACH-001199
SIDM01789,ACH-002011
SIDM01791,ACH-001122
SIDM01793,ACH-002015
SIDM01795,ACH-001804
SIDM01799,ACH-001539
SIDM01787,ACH-001647
SIDM01788,ACH-001556
SIDM01790,ACH-001123
SIDM01792,ACH-002016
SIDM01794,ACH-001548
SIDM01796,ACH-001799
SIDM01798,ACH-001540
SIDM01800,ACH-001853
SIDM01802,ACH-001955
SIDM01804,ACH-001842
SIDM01806,ACH-001495
SIDM01808,ACH-001347
SIDM01810,ACH-001509
SIDM01812,ACH-001607
SIDM01814,ACH-001079
SIDM01816,ACH-001516
SIDM01820,ACH-001078
SIDM01822,ACH-001608
SIDM01824,ACH-001864
SIDM01826,ACH-001419
SIDM01828,ACH-001690
SIDM01830,ACH-001224
SIDM01832,ACH-001863
SIDM01834,ACH-001201
SIDM01836,ACH-001389
SIDM01838,ACH-001786
SIDM01842,ACH-001619
SIDM01769,ACH-001664
SIDM01771,ACH-000635
SIDM01773,ACH-000068
SIDM01784,ACH-001197
SIDM01786,ACH-001814
SIDM01780,ACH-000388
SIDM01766,ACH-000418
SIDM01772,ACH-000531
SIDM00770,ACH-000559
SIDM00629,ACH-000573
SIDM01762,ACH-000726
SIDM01750,ACH-000801
SIDM01764,ACH-000813
SIDM01768,ACH-000899
SIDM01770,ACH-000908
SIDM00608,ACH-000714
SIDM00641,ACH-000944
SIDM01776,ACH-001162
SIDM00200,ACH-002112
SIDM00535,ACH-001519
SIDM00884,ACH-000699
SIDM00661,ACH-000914
SIDM01872,ACH-001150
SIDM01801,ACH-001538
SIDM01803,ACH-001845
SIDM01805,ACH-001088
SIDM01807,ACH-001850
SIDM01811,ACH-001511
SIDM01813,ACH-001513
SIDM01815,ACH-001515
SIDM01817,ACH-001520
SIDM01819,ACH-001852
SIDM01821,ACH-001055
SIDM01823,ACH-001144
SIDM01829,ACH-001225
SIDM01831,ACH-001685
SIDM01833,ACH-001668
SIDM01835,ACH-001395
SIDM01837,ACH-001388
SIDM01839,ACH-001194
SIDM01841,ACH-001618
SIDM01843,ACH-002018
SIDM01847,ACH-001609
SIDM01851,ACH-001175
SIDM01853,ACH-001651
SIDM01846,ACH-001622
SIDM01848,ACH-001170
SIDM01850,ACH-001856
SIDM01852,ACH-001857
SIDM01854,ACH-001652
SIDM01856,ACH-001052
SIDM01858,ACH-000398
SIDM01777,ACH-000093
SIDM01860,ACH-001200
SIDM01862,ACH-000016
SIDM01864,ACH-001656
SIDM01759,ACH-000125
SIDM01775,ACH-000140
SIDM01761,ACH-000175
SIDM01765,ACH-000529
SIDM01767,ACH-000553
SIDM01782,ACH-000723
SIDM01779,ACH-000761
SIDM00845,ACH-000786
SIDM00863,ACH-001064
SIDM00879,ACH-000349
SIDM00878,ACH-000930
SIDM00808,ACH-002252
SIDM00839,ACH-000950
SIDM00516,ACH-002166
SIDM00837,ACH-000958
SIDM01897,ACH-001795
SIDM01866,ACH-001279
SIDM01868,ACH-001132
SIDM01870,ACH-001045
SIDM01876,ACH-000854
SIDM01880,ACH-001143
SIDM01882,ACH-001147
SIDM01884,ACH-001130
SIDM01888,ACH-001960
SIDM01894,ACH-001559
SIDM01896,ACH-001796
SIDM01898,ACH-001794
SIDM01900,ACH-002398
SIDM01902,ACH-002400
SIDM01904,ACH-001234
SIDM01908,ACH-001230
SIDM01910,ACH-001410
SIDM01912,ACH-002399
SIDM01916,ACH-001743
SIDM01934,ACH-001015
SIDM01855,ACH-001634
SIDM01857,ACH-001510
SIDM01859,ACH-000122
SIDM01861,ACH-000300
SIDM01863,ACH-000385
SIDM01865,ACH-001187
SIDM01867,ACH-001558
SIDM01873,ACH-000084
SIDM01875,ACH-001624
SIDM01877,ACH-001148
SIDM01883,ACH-001146
SIDM01885,ACH-001610
SIDM01887,ACH-000172
SIDM00901,ACH-000940
SIDM00889,ACH-001333
SIDM00933,ACH-000856
SIDM00945,ACH-000895
SIDM00948,ACH-002232
SIDM00947,ACH-000244
SIDM01878,ACH-002360
SIDM01051,ACH-000936
SIDM01889,ACH-001959
SIDM01895,ACH-001560
SIDM01901,ACH-002401
SIDM01903,ACH-001557
SIDM01905,ACH-001561
SIDM01907,ACH-001569
SIDM01909,ACH-001411
SIDM01911,ACH-001206
SIDM01933,ACH-001098
SIDM01935,ACH-002001
SIDM01937,ACH-002002
SIDM01939,ACH-001071
SIDM01927,ACH-001018
SIDM01871,ACH-000170
SIDM01936,ACH-002003
SIDM01938,ACH-001017
SIDM01940,ACH-001037
SIDM01967,ACH-001000
SIDM01045,ACH-000978
SIDM01072,ACH-000878
SIDM01004,ACH-000983
SIDM01879,ACH-002361
SIDM01129,ACH-000816
SIDM01128,ACH-000767
SIDM01146,ACH-000932
SIDM01203,ACH-002291
SIDM01136,ACH-000417
SIDM01090,ACH-000943
SIDM01088,ACH-000965
SIDM01086,ACH-000874
SIDM01112,ACH-000748
SIDM01113,ACH-000939
SIDM00971,ACH-000828
SIDM01257,ACH-002395
SIDM01721,ACH-002344
SIDM01245,ACH-002216
SIDM01712,ACH-001310
SIDM01932,ACH-001422
SIDM01723,ACH-000049
SIDM01638,ACH-002342
SIDM01237,ACH-001021
SIDM01248,ACH-001023
SIDM01711,ACH-002350
SIDM00868,ACH-002378
SIDM00873,ACH-002375
SIDM00773,ACH-002381
SIDM00696,ACH-002383
SIDM00674,ACH-002377
SIDM00592,ACH-002244
SIDM01206,ACH-002248
SIDM01653,ACH-002351
SIDM01652,ACH-002352
SIDM01651,ACH-002353
SIDM01650,ACH-002354
SIDM01649,ACH-002355
SIDM01646,ACH-002358
SIDM01641,ACH-002376
SIDM00705,ACH-002369
SIDM00717,ACH-002372
SIDM01247,ACH-002300
SIDM01205,ACH-002314
SIDM01261,ACH-002208
SIDM00900,ACH-002210
SIDM01233,ACH-000009
SIDM01818,ACH-001087
SIDM01924,ACH-001207
SIDM01716,ACH-002346
SIDM01259,ACH-002238
SIDM01251,ACH-002240
SIDM00869,ACH-002373
SIDM00883,ACH-002382
SIDM00876,ACH-002374
SIDM00632,ACH-002247
SIDM00224,ACH-000569
SIDM01648,ACH-002356
SIDM01645,ACH-002359
SIDM00636,ACH-002270
SIDM01246,ACH-002160
SIDM01242,ACH-002162
SIDM01681,ACH-002362
SIDM01680,ACH-002364
SIDM00736,ACH-002366
SIDM00712,ACH-002367
SIDM00707,ACH-002368
SIDM00790,ACH-002371
SIDM01164,ACH-000883
SIDM00634,ACH-000039
SIDM00613,ACH-000231
SIDM01469,ACH-000085
SIDM00161,ACH-000141
SIDM00344,ACH-000596
SIDM01564,ACH-000214
SIDM01135,ACH-000060
SIDM01753,ACH-000239
SIDM00166,ACH-000302
SIDM01444,ACH-000370
SIDM01470,ACH-000387
SIDM00921,ACH-000264
SIDM01575,ACH-000426
SIDM01679,ACH-000523
SIDM00541,ACH-000926
SIDM01159,ACH-002310
SIDM00406,ACH-000660
SIDM00167,ACH-000715
SIDM01757,ACH-000741
SIDM00256,ACH-002281
SIDM00015,ACH-000777
SIDM00008,ACH-000796
SIDM00511,ACH-000257
SIDM01677,ACH-000845
SIDM01394,ACH-000907
SIDM00664,ACH-000178
SIDM01618,ACH-000942
SIDM00215,ACH-000708
SIDM01700,ACH-000165
SIDM00955,ACH-000812
SIDM00922,ACH-000392
SIDM01068,ACH-000562
SIDM01732,ACH-002379
SIDM01039,ACH-001529
SIDM00148,ACH-000019
SIDM01265,ACH-000763
SIDM00091,ACH-001151
SIDM01137,ACH-000235
SIDM00321,ACH-000430
SIDM01372,ACH-000266
SIDM00162,ACH-000268
SIDM00633,ACH-000759
SIDM00434,ACH-000745
SIDM01336,ACH-000368
SIDM00958,ACH-000920
SIDM00859,ACH-001498
SIDM00783,ACH-000971
SIDM00588,ACH-000546
SIDM00663,ACH-000814
SIDM00109,ACH-001198
SIDM00071,ACH-000202
SIDM00713,ACH-000153
SIDM00557,ACH-000345
SIDM00355,ACH-000062
SIDM00960,ACH-000798
SIDM01694,ACH-000728
SIDM01445,ACH-000736
SIDM00697,ACH-000830
SIDM00618,ACH-000620
SIDM00550,ACH-002264
SIDM00762,ACH-000414
SIDM01169,ACH-000885
SIDM00343,ACH-002268
SIDM00614,ACH-000848
SIDM01254,ACH-000707
SIDM00499,ACH-000956
SIDM01016,ACH-000995
SIDM01010,ACH-000053
SIDM00687,ACH-000793
SIDM00603,ACH-002260
SIDM00683,ACH-000977
SIDM00293,ACH-002052
SIDM00003,ACH-002159
SIDM00437,ACH-000362
SIDM00425,ACH-000663
SIDM01156,ACH-000890
SIDM00435,ACH-000369
SIDM01023,ACH-000006
SIDM00253,ACH-002284
SIDM00758,ACH-001137
SIDM00702,ACH-000311
SIDM00700,ACH-001363
SIDM00144,ACH-000463
SIDM00444,ACH-001368
SIDM00220,ACH-000962
SIDM00092,ACH-000617
SIDM01114,ACH-001383
SIDM00449,ACH-000922
SIDM00426,ACH-000100
SIDM00813,ACH-001182
SIDM00382,ACH-000609
SIDM01108,ACH-000309
SIDM01199,ACH-000493
SIDM00832,ACH-000680
SIDM00249,ACH-000353
SIDM01191,ACH-000364
SIDM00417,ACH-000626
SIDM01102,ACH-002316
SIDM00027,ACH-001192
SIDM00124,ACH-000555
SIDM00129,ACH-002121
SIDM02102,ACH-000710
SIDM00211,ACH-002209
SIDM00258,ACH-002279
SIDM02104,ACH-002023
SIDM02106,ACH-002026
SIDM00436,ACH-001574
SIDM00345,ACH-000627
SIDM00368,ACH-000670
SIDM00480,ACH-000704
SIDM00482,ACH-002302
SIDM00036,ACH-000296
SIDM00037,ACH-000961
SIDM00057,ACH-002389
SIDM00070,ACH-002393
SIDM00376,ACH-000156
SIDM00644,ACH-000327
SIDM00655,ACH-001578
SIDM00902,ACH-002337
SIDM01021,ACH-002223
SIDM01123,ACH-000177
SIDM01063,ACH-000190
SIDM00915,ACH-002173
SIDM01074,ACH-000102
SIDM00788,ACH-001091
SIDM00684,ACH-000595
SIDM00795,ACH-000219
SIDM00777,ACH-000360
SIDM00846,ACH-001086
SIDM00938,ACH-000902
SIDM01002,ACH-000117
SIDM01087,ACH-000348
SIDM01236,ACH-001188
SIDM01968,ACH-001163
SIDM01969,ACH-001134
SIDM01971,ACH-001802
SIDM01331,ACH-000791
SIDM01406,ACH-001407
SIDM00210,ACH-000657
SIDM01576,ACH-000658
SIDM00388,ACH-002272
SIDM01614,ACH-000831
SIDM00404,ACH-002307
SIDM00412,ACH-001709
SIDM00568,ACH-000247
SIDM00836,ACH-000820
SIDM01785,ACH-001366
SIDM01906,ACH-001562
SIDM01722,ACH-002343
SIDM00244,ACH-002083
SIDM00737,ACH-001362
SIDM00363,ACH-000770
SIDM00096,ACH-000338;ACH-000338
SIDM01061,ACH-001090
SIDM00821,ACH-002187
SIDM00985,ACH-000245
SIDM00509,ACH-000187
SIDM00672,ACH-000625
SIDM01029,ACH-000873
SIDM00331,ACH-000020
SIDM00407,ACH-000611
SIDM01522,ACH-000080
SIDM02103,ACH-002021
SIDM02105,ACH-002025
SIDM02107,ACH-002027
SIDM02109,ACH-002038
SIDM02110,ACH-002039
SIDM02111,ACH-002041
SIDM02112,ACH-002042
SIDM02113,ACH-002044
SIDM02114,ACH-002680
SIDM02116,ACH-002055
SIDM02118,ACH-002066
SIDM02120,ACH-002080
SIDM02122,ACH-002647
SIDM02124,ACH-002664
SIDM02126,ACH-002672
SIDM02128,ACH-001993
SIDM02130,ACH-001991
SIDM02132,ACH-001441
SIDM02136,ACH-001573
SIDM02138,ACH-001613
SIDM02140,ACH-001627
SIDM02142,ACH-001992
SIDM02144,ACH-001649
SIDM02146,ACH-001694
SIDM02148,ACH-001698
SIDM02150,ACH-001701
SIDM02152,ACH-001970
SIDM02154,ACH-001977
SIDM02156,ACH-001688
SIDM02160,ACH-002061
SIDM02134,ACH-001533
SIDM02115,ACH-002046
SIDM02117,ACH-002065
SIDM02119,ACH-002069
SIDM02123,ACH-002659
SIDM02125,ACH-002669
SIDM02127,ACH-002048
SIDM02129,ACH-002019
SIDM02131,ACH-001229
SIDM02133,ACH-001518
SIDM02135,ACH-001547
SIDM02137,ACH-001577
SIDM02139,ACH-001616
SIDM02141,ACH-001648
SIDM02143,ACH-001687
SIDM02145,ACH-001692
SIDM02147,ACH-001696
SIDM02149,ACH-001699
SIDM02151,ACH-001707
SIDM02153,ACH-001973
SIDM02155,ACH-001982
SIDM02157,ACH-002687
SIDM02159,ACH-002475
SIDM01339,ACH-000272
