DRUG_ID,canonical_drug_id
1003,1003
1004,1004
1006,1006
1007,1007
1819,1007
1008,1008
1009,1009
1010,1010
1011,1011
1012,1012
1013,1013
1014,1014
1016,1016
1017,1017
1018,1018
1019,1019
1020,1020
1021,1021
1024,1024
1026,1026
1029,1029
1030,1030
1031,1031
1032,1032
1033,1033
1034,1034
1036,1036
1042,1042
1048,1048
1051,1051
1053,1053
1054,1054
1057,1057
1058,1058
1061,1061
1062,1062
1736,1062
1068,1068
1072,1072
1079,1079
1080,1080
1083,1083
1085,1085
1086,1086
1088,1088
1096,1096
1133,1133
1168,1168
1175,1175
1177,1177
1180,1180
1190,1190
1191,1191
1199,1199
1200,1200
1816,1200
1248,1248
1249,1249
1259,1259
1372,1372
1373,1373
1375,1375
1502,1502
1507,1507
1510,1510
1511,1511
1512,1512
1529,1529
1549,1549
1553,1553
2106,1553
1558,1558
1559,1559
1560,1560
1561,1561
1578,1578
1593,1593
1594,1594
1630,1630
1632,1632
1799,1799
1808,1808
1809,1809
1810,1810
1811,1811
1911,1811
1813,1813
1814,1814
1815,1815
1817,1817
1827,1827
1835,1835
1845,1845
1862,1862
1873,1873
1908,1908
2047,1908
1909,1909
1912,1912
1919,1919
1922,1922
1924,1924
1936,1936
1941,1941
2040,2040
2044,2044
2045,2045
2048,2048
2055,2055
2171,2171
2439,2439
1022,1022
1025,1025
1059,1059
1073,1073
1084,1084
1131,1131
1179,1179
1237,1237
1250,1250
1268,1268
1441,1441
1463,1463
1494,1494
1557,1557
1564,1564
1580,1580
1581,1581
1582,1582
1583,1583
1598,1598
1613,1613
1614,1614
1618,1618
1625,1625
1626,1626
1627,1627
2037,1627
1629,1629
1631,1631
1634,1634
1706,1706
1720,1720
1778,1778
1786,1786
1802,1802
1843,1843
1853,1853
1913,1913
1915,1915
1916,1916
1917,1917
1918,1918
1927,1927
1928,1928
1997,1997
2038,2038
2046,2046
2109,2109
2110,2110
2157,2157
2158,2158
2169,2169
2170,2170
2172,2172
2173,2173
2174,2174
2175,2175
2177,2177
2359,2359
2498,2498
1023,1023
1037,1037
1049,1049
1192,1192
1401,1401
1449,1449
1776,1776
1910,1910
