DRUG_ID,DRUG_NAME
1005,Cisplatin
1038,NU7441
1039,SL0101
1043,JNK Inhibitor VIII
1046,Wee1 Inhibitor
1047,Nutlin-3a (-)
1050,ZM447439
1052,RO-3306
1060,PD0325901
1067,CCT007093
1069,EHT-1864
1089,Oxaliplatin
1091,BMS-536924
1093,GSK1904529A
1129,PF-4708671
1149,TW 37
1170,CCT-018159
1194,SB505124
1239,YK-4-279
1243,Piperlongumine
1378,Bleomycin (50 uM)
1428,IAP_5620
1563,EPZ5676
1576,IWP-2
1584,BDOCA000347a
1585,BDF00022089a
1586,BDILV000379a
1615,CZC24832
1617,AZD5582
1620,PFI3
1621,PCI-34051
1622,Wnt-C59
1624,I-BET-762
1635,Picolinici-acid
1708,CDK9_5576
1709,CDK9_5038
1712,Eg5_9814
1713,ERK_2440
1714,ERK_6604
1716,IRAK4_4710
1718,JAK1_8709
1730,PAK_5339
1732,TAF1_5496
1733,ULK1_4989
1734,VSP34_8731
1738,IGF1R_3801
1777,GSK2276186C
1779,GSK626616AC
1780,GSK3337463A
1782,GSK2830371A
1783,LMB_AB1
1784,LMB_AB2
1785,LMB_AB3
1803,Acetalax
1804,Acetalax
1806,Oxaliplatin
1812,Bleomycin
1820,123829
1821,765771
1825,Podophyllotoxin bromide
1826,50869
1828,720427
1829,667880
1830,Gallibiscoquinazole
1831,L-Oxonoreleagnine
1832,729189
1833,741909
1834,743380
1836,150412
1838,Sinularin
1839,615590
1840,630600
1844,776928
1849,Sabutoclax
1852,LY2109761
1854,MN-64
1855,KRAS (G12C) Inhibitor-12
1866,BDP-00009066
1925,GDC0810
1930,Telomerase Inhibitor IX
1931,MIRA-1
1932,NVP-ADW742
1933,P22077
1939,UMI-77
1940,WIKI4
1996,MIM1
1998,BPD-00008900
1999,N25720-51-A1
2000,N27922-53-1
2002,N30652-18-1
2003,N29087-69-1
2010,HKMTI-1-005
2011,ICL-SIRT078
2039,AGK2
2043,BIBR-1532
2057,Remodelin
2096,VX-11e
2107,LJI308
2111,VE821
2112,VTP-A
2113,VTP-B
2145,PBD-288
2148,POMHEX
2149,CT7033-2
2154,GSK-LSD1-2HCl 
2156,5-azacytidine
2159,UNC0379
2360,THR-101
2361,THR-102
2362,THR-103
2438,ascorbate (vitamin C)
2499,N-acetyl cysteine
1739,JAK_8517
1824,123138
1847,BEN
1926,GNE-317
