chembl_id,uniprot_id,gene_symbol
CHEMBL98,Q13547,HDAC1
CHEMBL98,O15379,HDAC3
CHEMBL939,P00533,EGFR
CHEMBL288441,P00519,ABL1
CHEMBL98,Q9UBN7,HDAC6
CHEMBL1201182,P62942,FKBP1A
CHEMBL413,P62942,FKBP1A
CHEMBL185,P04818,TYMS
CHEMBL960,Q02127,DHODH
CHEMBL288441,P12931,SRC
CHEMBL288441,P08631,HCK
CHEMBL288441,P07948,LYN
CHEMBL601719,P08581,MET
CHEMBL601719,Q9UM73,ALK
CHEMBL473417,Q99835,SMO
CHEMBL343448,Q13547,HDAC1
CHEMBL343448,O15379,HDAC3
CHEMBL343448,Q9UBN7,HDAC6
CHEMBL343448,Q92769,HDAC2
CHEMBL343448,Q9UQL6,HDAC5
CHEMBL343448,Q8WUI4,HDAC7
CHEMBL343448,Q9BY41,HDAC8
CHEMBL343448,Q96DB2,HDAC11
CHEMBL343448,P56524,HDAC4
CHEMBL343448,Q9UKV0,HDAC9
CHEMBL343448,Q969S8,HDAC10
CHEMBL1358,P03372,ESR1
CHEMBL428647,P68371,TUBB4B
CHEMBL428647,Q9H4B7,TUBB1
CHEMBL428647,P0DPH7,TUBA3C
CHEMBL428647,P68366,TUBA4A
CHEMBL428647,Q13509,TUBB3
CHEMBL428647,Q71U36,TUBA1A
CHEMBL428647,P04350,TUBB4A
CHEMBL428647,Q3ZCM7,TUBB8
CHEMBL428647,P07437,TUBB
CHEMBL428647,P68363,TUBA1B
CHEMBL428647,Q9BQE3,TUBA1C
CHEMBL428647,Q6PEY2,TUBA3E
CHEMBL428647,Q13885,TUBB2A
CHEMBL428647,Q9BVA1,TUBB2B
CHEMBL428647,Q9BUF5,TUBB6
CHEMBL3545252,P68371,TUBB4B
CHEMBL3545252,Q9H4B7,TUBB1
CHEMBL3545252,P0DPH7,TUBA3C
CHEMBL3545252,P68366,TUBA4A
CHEMBL3545252,Q13509,TUBB3
CHEMBL3545252,Q71U36,TUBA1A
CHEMBL3545252,P04350,TUBB4A
CHEMBL3545252,Q3ZCM7,TUBB8
CHEMBL3545252,P07437,TUBB
CHEMBL3545252,P68363,TUBA1B
CHEMBL3545252,Q9BQE3,TUBA1C
CHEMBL3545252,Q6PEY2,TUBA3E
CHEMBL3545252,Q13885,TUBB2A
CHEMBL3545252,Q9BVA1,TUBB2B
CHEMBL3545252,Q9BUF5,TUBB6
CHEMBL452231,P11388,TOP2A
CHEMBL452231,Q02880,TOP2B
CHEMBL866,P20839,IMPDH1
CHEMBL866,P12268,IMPDH2
CHEMBL1289926,P17948,FLT1
CHEMBL1289926,P35916,FLT4
CHEMBL1289926,P35968,KDR
CHEMBL409,P10275,AR
CHEMBL325041,Q99460,PSMD1
CHEMBL325041,P49721,PSMB2
CHEMBL325041,P20618,PSMB1
CHEMBL325041,P28074,PSMB5
CHEMBL325041,P28062,PSMB8
CHEMBL325041,P28065,PSMB9
CHEMBL325041,P28072,PSMB6
CHEMBL325041,O00487,PSMD14
CHEMBL325041,P25786,PSMA1
CHEMBL325041,P25787,PSMA2
CHEMBL325041,P25788,PSMA3
CHEMBL325041,P25789,PSMA4
CHEMBL325041,P28066,PSMA5
CHEMBL325041,P60900,PSMA6
CHEMBL325041,O14818,PSMA7
CHEMBL325041,Q8TAA3,PSMA8
CHEMBL325041,P40306,PSMB10
CHEMBL325041,A5LHX3,PSMB11
CHEMBL325041,P49720,PSMB3
CHEMBL325041,P28070,PSMB4
CHEMBL325041,Q99436,PSMB7
CHEMBL325041,Q16186,ADRM1
CHEMBL325041,P35998,PSMC2
CHEMBL325041,P62191,PSMC1
CHEMBL325041,P43686,PSMC4
CHEMBL325041,P62333,PSMC6
CHEMBL325041,P17980,PSMC3
CHEMBL325041,P62195,PSMC5
CHEMBL325041,Q13200,PSMD2
CHEMBL325041,O43242,PSMD3
CHEMBL325041,O00232,PSMD12
CHEMBL325041,O00231,PSMD11
CHEMBL325041,Q15008,PSMD6
CHEMBL325041,P51665,PSMD7
CHEMBL325041,Q9UNM6,PSMD13
CHEMBL325041,P55036,PSMD4
CHEMBL325041,P48556,PSMD8
CHEMBL325041,P60896,SEM1
CHEMBL98,Q92769,HDAC2
CHEMBL38,P13631,RARG
CHEMBL38,P10826,RARB
CHEMBL38,P10276,RARA
CHEMBL803,P09884,POLA1
CHEMBL803,Q9HCU8,POLD4
CHEMBL803,Q15054,POLD3
CHEMBL803,P28340,POLD1
CHEMBL803,P49005,POLD2
CHEMBL803,Q07864,POLE
CHEMBL803,Q14181,POLA2
CHEMBL803,P49642,PRIM1
CHEMBL803,P49643,PRIM2
CHEMBL803,P56282,POLE2
CHEMBL803,Q9NRF9,POLE3
CHEMBL1873475,Q06187,BTK
CHEMBL34259,P00374,DHFR
CHEMBL189963,P24385,CCND1
CHEMBL189963,Q00534,CDK6
CHEMBL189963,P11802,CDK4
CHEMBL521686,P09874,PARP1
CHEMBL521686,Q9Y6F1,PARP3
CHEMBL521686,Q9UGN5,PARP2
CHEMBL4303596,O00329,PIK3CD
CHEMBL3544960,O75116,ROCK2
CHEMBL3544960,Q13464,ROCK1
CHEMBL3544960,P49137,MAPKAPK2
CHEMBL3545423,P11309,PIM1
CHEMBL3545423,Q9P1W9,PIM2
CHEMBL3545423,Q86V86,PIM3
CHEMBL488436,P06493,CDK1
CHEMBL488436,P11802,CDK4
CHEMBL488436,P24941,CDK2
CHEMBL488436,Q00535,CDK5
CHEMBL488436,Q00534,CDK6
CHEMBL488436,P50613,CDK7
CHEMBL488436,Q00526,CDK3
CHEMBL488436,Q00536,CDK16
CHEMBL488436,Q07002,CDK18
CHEMBL488436,P49336,CDK8
CHEMBL488436,Q00537,CDK17
CHEMBL488436,P21127,CDK11B
CHEMBL488436,Q96Q40,CDK15
CHEMBL488436,Q9BWU1,CDK19
CHEMBL488436,O94921,CDK14
CHEMBL488436,P50750,CDK9
CHEMBL488436,Q15131,CDK10
CHEMBL488436,Q14004,CDK13
CHEMBL488436,Q8IZL9,CDK20
CHEMBL488436,Q9NYV4,CDK12
CHEMBL2165191,P27986,PIK3R1
CHEMBL2165191,P42338,PIK3CB
CHEMBL2165191,P48736,PIK3CG
CHEMBL2165191,P42336,PIK3CA
CHEMBL2165191,O00459,PIK3R2
CHEMBL2165191,O00329,PIK3CD
CHEMBL2165191,Q8WYR1,PIK3R5
CHEMBL2165191,Q92569,PIK3R3
CHEMBL4285417,Q13535,ATR
CHEMBL2041933,O14757,CHEK1
CHEMBL1801204,P42345,MTOR
CHEMBL3408248,P42338,PIK3CB
CHEMBL3408248,O00329,PIK3CD
CHEMBL103667,Q16539,MAPK14
CHEMBL4742157,Q05397,PTK2
CHEMBL2386889,O14757,CHEK1
CHEMBL3989870,Q13535,ATR
CHEMBL1976040,P30291,WEE1
CHEMBL3348846,P22607,FGFR3
CHEMBL3348846,P11362,FGFR1
CHEMBL3348846,P22455,FGFR4
CHEMBL3348846,P21802,FGFR2
CHEMBL3334567,P08581,MET
CHEMBL2408045,P04626,ERBB2
CHEMBL2408045,P21860,ERBB3
CHEMBL2408045,P00533,EGFR
CHEMBL1236682,Q02750,MAP2K1
CHEMBL1236682,P36507,MAP2K2
CHEMBL1879463,P42345,MTOR
CHEMBL1879463,P27986,PIK3R1
CHEMBL1879463,P42338,PIK3CB
CHEMBL1879463,P48736,PIK3CG
CHEMBL1879463,P42336,PIK3CA
CHEMBL1879463,O00459,PIK3R2
CHEMBL1879463,O00329,PIK3CD
CHEMBL1879463,Q8WYR1,PIK3R5
CHEMBL1879463,Q92569,PIK3R3
CHEMBL513909,P53350,PLK1
CHEMBL2017974,P27986,PIK3R1
CHEMBL2017974,P42338,PIK3CB
CHEMBL2017974,P48736,PIK3CG
CHEMBL2017974,P42336,PIK3CA
CHEMBL2017974,O00459,PIK3R2
CHEMBL2017974,O00329,PIK3CD
CHEMBL2017974,Q8WYR1,PIK3R5
CHEMBL2017974,Q92569,PIK3R3
CHEMBL575448,P08069,IGF1R
CHEMBL575448,P06213,INSR
CHEMBL3590106,P27361,MAPK3
CHEMBL3590106,P28482,MAPK1
CHEMBL2396661,P42336,PIK3CA
CHEMBL3265032,P43405,SYK
CHEMBL1230609,P36888,FLT3
CHEMBL1230609,P10721,KIT
CHEMBL1230609,P08581,MET
CHEMBL1230609,P09619,PDGFRB
CHEMBL1230609,P16234,PDGFRA
CHEMBL1230609,Q02763,TEK
CHEMBL1230609,P17948,FLT1
CHEMBL1230609,P35916,FLT4
CHEMBL1230609,P35968,KDR
CHEMBL2219422,P31751,AKT2
CHEMBL2219422,Q9Y243,AKT3
CHEMBL2219422,P31749,AKT1
CHEMBL3137336,P31751,AKT2
CHEMBL3137336,Q9Y243,AKT3
CHEMBL3137336,P31749,AKT1
CHEMBL572878,Q96GD4,AURKB
CHEMBL572878,Q9UQB9,AURKC
CHEMBL572878,O14965,AURKA
CHEMBL1079175,P31751,AKT2
CHEMBL1079175,Q9Y243,AKT3
CHEMBL1079175,P31749,AKT1
CHEMBL3120215,P42345,MTOR
CHEMBL521851,P27986,PIK3R1
CHEMBL521851,P42338,PIK3CB
CHEMBL521851,P48736,PIK3CG
CHEMBL521851,P42336,PIK3CA
CHEMBL521851,O00459,PIK3R2
CHEMBL521851,O00329,PIK3CD
CHEMBL521851,Q8WYR1,PIK3R5
CHEMBL521851,Q92569,PIK3R3
CHEMBL2177390,P31751,AKT2
CHEMBL2177390,Q9Y243,AKT3
CHEMBL2177390,P31749,AKT1
CHEMBL2387080,P27986,PIK3R1
CHEMBL2387080,P42338,PIK3CB
CHEMBL2387080,P48736,PIK3CG
CHEMBL2387080,P42336,PIK3CA
CHEMBL2387080,O00459,PIK3R2
CHEMBL2387080,O00329,PIK3CD
CHEMBL2387080,Q8WYR1,PIK3R5
CHEMBL2387080,Q92569,PIK3R3
CHEMBL491473,P10721,KIT
CHEMBL491473,P09619,PDGFRB
CHEMBL491473,P16234,PDGFRA
CHEMBL491473,P17948,FLT1
CHEMBL491473,P35916,FLT4
CHEMBL491473,P35968,KDR
CHEMBL3353410,P00533,EGFR
CHEMBL603469,P36888,FLT3
CHEMBL603469,O60674,JAK2
CHEMBL603469,P04629,NTRK1
CHEMBL603469,Q16620,NTRK2
CHEMBL603469,Q16288,NTRK3
CHEMBL603469,P07949,RET
CHEMBL3545110,P11802,CDK4
CHEMBL3545110,Q00534,CDK6
CHEMBL2103840,P06493,CDK1
CHEMBL2103840,P24941,CDK2
CHEMBL2103840,Q00535,CDK5
CHEMBL2103840,P50750,CDK9
CHEMBL483158,O14965,AURKA
CHEMBL1091644,P08069,IGF1R
CHEMBL1091644,P06213,INSR
CHEMBL572881,P10721,KIT
CHEMBL572881,P07949,RET
CHEMBL572881,P17948,FLT1
CHEMBL572881,P35916,FLT4
CHEMBL572881,P35968,KDR
CHEMBL572881,P09619,PDGFRB
CHEMBL572881,P16234,PDGFRA
CHEMBL3137309,P10415,BCL2
CHEMBL27759,Q13547,HDAC1
CHEMBL27759,O15379,HDAC3
CHEMBL27759,Q9UBN7,HDAC6
CHEMBL27759,Q92769,HDAC2
CHEMBL27759,Q9UQL6,HDAC5
CHEMBL27759,Q8WUI4,HDAC7
CHEMBL27759,Q9BY41,HDAC8
CHEMBL27759,Q96DB2,HDAC11
CHEMBL27759,P56524,HDAC4
CHEMBL27759,Q9UKV0,HDAC9
CHEMBL27759,Q969S8,HDAC10
CHEMBL506871,P09874,PARP1
CHEMBL506871,Q9Y6F1,PARP3
CHEMBL506871,Q9UGN5,PARP2
CHEMBL1173055,P09874,PARP1
CHEMBL1173055,Q9Y6F1,PARP3
CHEMBL1173055,Q9UGN5,PARP2
CHEMBL1094636,Q9UGN5,PARP2
CHEMBL2107358,P10415,BCL2
CHEMBL1090771,Q96BI3,APH1A
CHEMBL1090771,Q9NZ42,PSENEN
CHEMBL1090771,Q8WW43,APH1B
CHEMBL1090771,P49768,PSEN1
CHEMBL1090771,Q92542,NCSTN
CHEMBL1090771,P49810,PSEN2
CHEMBL109480,P07900,HSP90AA1
CHEMBL109480,P08238,HSP90AB1
CHEMBL443684,P10415,BCL2
CHEMBL1231160,Q8TBC4,UBA3
CHEMBL1231160,Q13564,NAE1
CHEMBL3137320,P09874,PARP1
CHEMBL2107358,Q07817,BCL2L1
CHEMBL2107358,Q92843,BCL2L2
CHEMBL2107358,Q07820,MCL1
CHEMBL2107358,Q16548,BCL2A1
CHEMBL2107358,Q9HD36,BCL2L10
CHEMBL3137320,Q9UGN5,PARP2
CHEMBL443684,Q07817,BCL2L1
CHEMBL443684,Q92843,BCL2L2
CHEMBL848,Q96SW2,CRBN
CHEMBL848,Q16531,DDB1
CHEMBL848,Q13619,CUL4A
CHEMBL848,P62877,RBX1
CHEMBL1094636,P09874,PARP1
CHEMBL2325741,P31751,AKT2
CHEMBL2325741,Q9Y243,AKT3
CHEMBL2325741,P31749,AKT1
CHEMBL2336325,P42345,MTOR
CHEMBL3581647,P25440,BRD2
CHEMBL3581647,O60885,BRD4
CHEMBL3581647,Q58F21,BRDT
CHEMBL3581647,Q15059,BRD3
CHEMBL2393130,P25440,BRD2
CHEMBL2393130,O60885,BRD4
CHEMBL2393130,Q58F21,BRDT
CHEMBL2393130,Q15059,BRD3
CHEMBL3188386,Q9H237,PORCN
CHEMBL2103875,P36507,MAP2K2
CHEMBL2103875,Q02750,MAP2K1
CHEMBL3623290,P00533,EGFR
CHEMBL837,P11387,TOP1
CHEMBL3186011,P04637,TP53
CHEMBL601719,Q9HC35,EML4
CHEMBL601719,P06748,NPM1
CHEMBL252164,P07900,HSP90AA1
CHEMBL252164,P08238,HSP90AB1
CHEMBL566757,P43490,NAMPT
CHEMBL5416410,P00519,ABL1
CHEMBL5416410,P11274,BCR
CHEMBL601719,P08922,ROS1
CHEMBL601719,Q04912,MST1R
