drug_a,drug_b,similarity
1003,1088,0.47126436781609193
1003,1494,0.6363636363636364
1003,1808,0.6521739130434783
1004,2048,0.7522935779816514
1006,1190,0.6170212765957447
1006,1813,0.4528301886792453
1006,1814,0.42857142857142855
1007,1080,0.76
1010,1019,0.45121951219512196
1010,1032,0.44086021505376344
1010,1168,0.40789473684210525
1010,1549,0.42696629213483145
1010,1915,0.42045454545454547
1010,1922,0.43373493975903615
1010,2040,0.48314606741573035
1011,1909,0.42857142857142855
1011,1910,0.525
1016,1084,0.8715596330275229
1024,1034,0.5657894736842105
1054,1632,0.6052631578947368
1059,1441,0.5915492957746479
1088,1494,0.6296296296296297
1088,1808,0.5164835164835165
1237,2177,0.775
1494,1808,0.6619718309859155
1549,1915,0.6097560975609756
1553,1778,0.5972222222222222
1553,1912,0.6056338028169014
1626,2172,0.6714285714285714
1778,1912,0.9830508474576272
1813,1814,0.6037735849056604
